Column,Non-NA Percentage,description,unit,source
country,100.0,Country - Geographic location.,,Our World in Data - Regions (2023)
year,100.0,Year - Year of observation.,,Our World in Data - Regions (2023)
population,84.57271226847607,"Population - Population by country, available from 10,000 BCE to 2100, based on data and estimates from different sources.",persons,Population based on various sources (2023) [https://ourworldindata.org/population-sources]
oil_production,80.13937282229965,Oil production - Measured in terawatt-hours.,terawatt-hours,Energy Institute - Statistical Review of World Energy (2024) [https://www.energyinst.org/statistical-review/]; The Shift Data Portal - Energy production from fossil fuels (2019) [https://www.theshiftdataportal.org/]
oil_prod_change_twh,78.96112231799009,Annual change in oil production - Measured in terawatt-hours.,terawatt-hours,Energy Institute - Statistical Review of World Energy (2024) [https://www.energyinst.org/statistical-review/]; The Shift Data Portal - Energy production from fossil fuels (2019) [https://www.theshiftdataportal.org/]
gas_production,77.2006235099945,Gas production - Measured in terawatt-hours.,terawatt-hours,Energy Institute - Statistical Review of World Energy (2024) [https://www.energyinst.org/statistical-review/]; The Shift Data Portal - Energy production from fossil fuels (2019) [https://www.theshiftdataportal.org/]
iso_code,77.0768384375573,ISO code - ISO 3166-1 alpha-3 three-letter country codes.,,International Organization for Standardization - Regions (2023)
gas_prod_change_twh,76.03154227030993,Annual change in gas production - Measured in terawatt-hours.,terawatt-hours,Energy Institute - Statistical Review of World Energy (2024) [https://www.energyinst.org/statistical-review/]; The Shift Data Portal - Energy production from fossil fuels (2019) [https://www.theshiftdataportal.org/]
coal_production,75.86649550706034,Coal production - Measured in terawatt-hours.,terawatt-hours,Energy Institute - Statistical Review of World Energy (2024) [https://www.energyinst.org/statistical-review/]; The Shift Data Portal - Energy production from fossil fuels (2019) [https://www.theshiftdataportal.org/]
coal_prod_change_twh,74.69741426737576,Annual change in coal production - Measured in terawatt-hours.,terawatt-hours,Energy Institute - Statistical Review of World Energy (2024) [https://www.energyinst.org/statistical-review/]; The Shift Data Portal - Energy production from fossil fuels (2019) [https://www.theshiftdataportal.org/]
oil_prod_per_capita,70.75463047863562,Oil production per capita - Measured in kilowatt-hours per capita.,kilowatt-hours,Energy Institute - Statistical Review of World Energy (2024) [https://www.energyinst.org/statistical-review/]; The Shift Data Portal - Energy production from fossil fuels (2019) [https://www.theshiftdataportal.org/]; Population based on various sources (2023) [https://ourworldindata.org/population-sources]
gas_prod_per_capita,68.56317623326609,Gas production per capita - Measured in kilowatt-hours per capita.,kilowatt-hours,Energy Institute - Statistical Review of World Energy (2024) [https://www.energyinst.org/statistical-review/]; The Shift Data Portal - Energy production from fossil fuels (2019) [https://www.theshiftdataportal.org/]; Population based on various sources (2023) [https://ourworldindata.org/population-sources]
coal_prod_per_capita,67.6829268292683,Coal production per capita - Measured in kilowatt-hours per capita.,kilowatt-hours,Energy Institute - Statistical Review of World Energy (2024) [https://www.energyinst.org/statistical-review/]; The Shift Data Portal - Energy production from fossil fuels (2019) [https://www.theshiftdataportal.org/]; Population based on various sources (2023) [https://ourworldindata.org/population-sources]
primary_energy_consumption,55.83165230148543,Primary energy consumption - Measured in terawatt-hours.,terawatt-hours,U.S. Energy Information Administration - International Energy Data (2023) [https://www.eia.gov/opendata/bulkfiles.php]; Energy Institute - Statistical Review of World Energy (2024) [https://www.energyinst.org/statistical-review/]
energy_cons_change_twh,54.616724738675956,Annual change in primary energy consumption,terawatt-hours,U.S. Energy Information Administration - International Energy Data (2023) [https://www.eia.gov/opendata/bulkfiles.php]; Energy Institute - Statistical Review of World Energy (2024) [https://www.energyinst.org/statistical-review/]
gdp,53.98404547955254,Gross domestic product (GDP) - This data is adjusted for inflation and differences in the cost of living between countries.,international-$ in 2011 prices,Bolt and van Zanden - Maddison Project Database 2023 [https://www.rug.nl/ggdc/historicaldevelopment/maddison/releases/maddison-project-database-2023]
energy_cons_change_pct,53.73189070236567,Annual change in primary energy consumption,%,U.S. Energy Information Administration - International Energy Data (2023) [https://www.eia.gov/opendata/bulkfiles.php]; Energy Institute - Statistical Review of World Energy (2024) [https://www.energyinst.org/statistical-review/]
energy_per_capita,49.01888868512746,Primary energy consumption per capita - Measured in kilowatt-hours per person.,kilowatt-hours per person,U.S. Energy Information Administration - International Energy Data (2023) [https://www.eia.gov/opendata/bulkfiles.php]; Energy Institute - Statistical Review of World Energy (2024) [https://www.energyinst.org/statistical-review/]; Population based on various sources (2023) [https://ourworldindata.org/population-sources]
oil_prod_change_pct,44.89271960388777,Annual change in oil production - Measured as a percentage of the previous year's production.,%,Energy Institute - Statistical Review of World Energy (2024) [https://www.energyinst.org/statistical-review/]; The Shift Data Portal - Energy production from fossil fuels (2019) [https://www.theshiftdataportal.org/]
nuclear_electricity,44.383825417201535,Electricity generation from nuclear - Measured in terawatt-hours.,terawatt-hours,Ember - Yearly Electricity Data (2024) [https://ember-climate.org/data-catalogue/yearly-electricity-data/]; Energy Institute - Statistical Review of World Energy (2024) [https://www.energyinst.org/statistical-review/]
coal_prod_change_pct,44.273794241701815,Annual change in coal production - Measured as a percentage of the previous year's production.,%,Energy Institute - Statistical Review of World Energy (2024) [https://www.energyinst.org/statistical-review/]; The Shift Data Portal - Energy production from fossil fuels (2019) [https://www.theshiftdataportal.org/]
hydro_electricity,41.43132220795892,Electricity generation from hydropower - Measured in terawatt-hours.,terawatt-hours,Ember - Yearly Electricity Data (2024) [https://ember-climate.org/data-catalogue/yearly-electricity-data/]; Energy Institute - Statistical Review of World Energy (2024) [https://www.energyinst.org/statistical-review/]
nuclear_elec_per_capita,40.14304052814964,Electricity generation from nuclear power per person - Measured in kilowatt-hours per person.,kilowatt-hours,Ember - Yearly Electricity Data (2024) [https://ember-climate.org/data-catalogue/yearly-electricity-data/]; Energy Institute - Statistical Review of World Energy (2024) [https://www.energyinst.org/statistical-review/]; Population based on various sources (2023) [https://ourworldindata.org/population-sources]
other_renewable_electricity,38.62552723271593,"Electricity generation from other renewables, including bioenergy - Measured in terawatt-hours.",terawatt-hours,Ember - Yearly Electricity Data (2024) [https://ember-climate.org/data-catalogue/yearly-electricity-data/]; Energy Institute - Statistical Review of World Energy (2024) [https://www.energyinst.org/statistical-review/]
wind_electricity,37.749862461030624,Electricity generation from wind power - Measured in terawatt-hours.,terawatt-hours,Ember - Yearly Electricity Data (2024) [https://ember-climate.org/data-catalogue/yearly-electricity-data/]; Energy Institute - Statistical Review of World Energy (2024) [https://www.energyinst.org/statistical-review/]
solar_electricity,37.60315422703099,Electricity generation from solar power - Measured in terawatt-hours.,terawatt-hours,Ember - Yearly Electricity Data (2024) [https://ember-climate.org/data-catalogue/yearly-electricity-data/]; Energy Institute - Statistical Review of World Energy (2024) [https://www.energyinst.org/statistical-review/]
renewables_electricity,37.17678342196955,Electricity generation from renewables - Measured in terawatt-hours.,terawatt-hours,Ember - Yearly Electricity Data (2024) [https://ember-climate.org/data-catalogue/yearly-electricity-data/]; Energy Institute - Statistical Review of World Energy (2024) [https://www.energyinst.org/statistical-review/]
hydro_elec_per_capita,36.70456629378324,Electricity generation from hydropower per person - Measured in kilowatt-hours per person.,kilowatt-hours,Ember - Yearly Electricity Data (2024) [https://ember-climate.org/data-catalogue/yearly-electricity-data/]; Energy Institute - Statistical Review of World Energy (2024) [https://www.energyinst.org/statistical-review/]; Population based on various sources (2023) [https://ourworldindata.org/population-sources]
low_carbon_electricity,36.66330460297084,"Electricity generation from low-carbon sources - Low-carbon sources correspond to renewables and nuclear power, that produce significantly less greenhouse-gas emissions than fossil fuels.",terawatt-hours,Ember - Yearly Electricity Data (2024) [https://ember-climate.org/data-catalogue/yearly-electricity-data/]; Energy Institute - Statistical Review of World Energy (2024) [https://www.energyinst.org/statistical-review/]
energy_per_gdp,35.70970108197323,Primary energy consumption per GDP - Measured in kilowatt-hours per international-$.,kilowatt-hours per $,U.S. Energy Information Administration - International Energy Data (2023) [https://www.eia.gov/opendata/bulkfiles.php]; Energy Institute - Statistical Review of World Energy (2024) [https://www.energyinst.org/statistical-review/]; Bolt and van Zanden - Maddison Project Database 2023 [https://www.rug.nl/ggdc/historicaldevelopment/maddison/releases/maddison-project-database-2023]
gas_prod_change_pct,35.636346964973406,Annual change in gas production - Measured as a percentage of the previous year's production.,%,Energy Institute - Statistical Review of World Energy (2024) [https://www.energyinst.org/statistical-review/]; The Shift Data Portal - Energy production from fossil fuels (2019) [https://www.theshiftdataportal.org/]
other_renewables_elec_per_capita,34.21511094810196,"Electricity generation from other renewables, including bioenergy, per person - Measured in kilowatt-hours per person.",kilowatt-hours,Ember - Yearly Electricity Data (2024) [https://ember-climate.org/data-catalogue/yearly-electricity-data/]; Energy Institute - Statistical Review of World Energy (2024) [https://www.energyinst.org/statistical-review/]; Population based on various sources (2023) [https://ourworldindata.org/population-sources]
electricity_generation,33.97671006785256,Total electricity generation - Measured in terawatt-hours.,terawatt-hours,Ember - Yearly Electricity Data (2024) [https://ember-climate.org/data-catalogue/yearly-electricity-data/]; Energy Institute - Statistical Review of World Energy (2024) [https://www.energyinst.org/statistical-review/]
wind_elec_per_capita,33.36695397029158,Electricity generation from wind power per person - Measured in kilowatt-hours per person.,kilowatt-hours,Ember - Yearly Electricity Data (2024) [https://ember-climate.org/data-catalogue/yearly-electricity-data/]; Energy Institute - Statistical Review of World Energy (2024) [https://www.energyinst.org/statistical-review/]; Population based on various sources (2023) [https://ourworldindata.org/population-sources]
hydro_share_elec,33.28901522097928,Share of electricity generated by hydropower - Measured as a percentage of total electricity.,%,Ember - Yearly Electricity Data (2024) [https://ember-climate.org/data-catalogue/yearly-electricity-data/]; Energy Institute - Statistical Review of World Energy (2024) [https://www.energyinst.org/statistical-review/]
solar_elec_per_capita,33.24775353016688,Electricity generation from solar power per person - Measured in kilowatt-hours per person.,kilowatt-hours,Ember - Yearly Electricity Data (2024) [https://ember-climate.org/data-catalogue/yearly-electricity-data/]; Energy Institute - Statistical Review of World Energy (2024) [https://www.energyinst.org/statistical-review/]; Population based on various sources (2023) [https://ourworldindata.org/population-sources]
nuclear_share_elec,33.018521914542454,Share of electricity generated by nuclear power - Measured as a percentage of total electricity.,%,Ember - Yearly Electricity Data (2024) [https://ember-climate.org/data-catalogue/yearly-electricity-data/]; Energy Institute - Statistical Review of World Energy (2024) [https://www.energyinst.org/statistical-review/]
wind_share_elec,32.99559875298001,Share of electricity generated by wind power - Measured as a percentage of total electricity.,%,Ember - Yearly Electricity Data (2024) [https://ember-climate.org/data-catalogue/yearly-electricity-data/]; Energy Institute - Statistical Review of World Energy (2024) [https://www.energyinst.org/statistical-review/]
other_renewables_share_elec,32.977260223730056,"Share of electricity generated by other renewables, including bioenergy - Measured as a percentage of total electricity.",%,Ember - Yearly Electricity Data (2024) [https://ember-climate.org/data-catalogue/yearly-electricity-data/]; Energy Institute - Statistical Review of World Energy (2024) [https://www.energyinst.org/statistical-review/]
solar_share_elec,32.93141390060517,Share of electricity generated by solar power - Measured as a percentage of total electricity.,%,Ember - Yearly Electricity Data (2024) [https://ember-climate.org/data-catalogue/yearly-electricity-data/]; Energy Institute - Statistical Review of World Energy (2024) [https://www.energyinst.org/statistical-review/]
renewables_elec_per_capita,32.821382725105444,Electricity generation from renewables per person - Measured in kilowatt-hours per person.,kilowatt-hours,Ember - Yearly Electricity Data (2024) [https://ember-climate.org/data-catalogue/yearly-electricity-data/]; Energy Institute - Statistical Review of World Energy (2024) [https://www.energyinst.org/statistical-review/]; Population based on various sources (2023) [https://ourworldindata.org/population-sources]
low_carbon_elec_per_capita,32.821382725105444,"Electricity generation from low-carbon sources per person - Low-carbon sources correspond to renewables and nuclear power, that produce significantly less greenhouse-gas emissions than fossil fuels.",kilowatt-hours,Ember - Yearly Electricity Data (2024) [https://ember-climate.org/data-catalogue/yearly-electricity-data/]; Energy Institute - Statistical Review of World Energy (2024) [https://www.energyinst.org/statistical-review/]; Population based on various sources (2023) [https://ourworldindata.org/population-sources]
renewables_share_elec,32.789290298918026,Share of electricity generated by renewables - Measured as a percentage of total electricity.,%,Ember - Yearly Electricity Data (2024) [https://ember-climate.org/data-catalogue/yearly-electricity-data/]; Energy Institute - Statistical Review of World Energy (2024) [https://www.energyinst.org/statistical-review/]
low_carbon_share_elec,32.431688978543924,"Share of electricity generated by low-carbon sources - Low-carbon sources correspond to renewables and nuclear power, that produce significantly less greenhouse-gas emissions than fossil fuels.",%,Ember - Yearly Electricity Data (2024) [https://ember-climate.org/data-catalogue/yearly-electricity-data/]; Energy Institute - Statistical Review of World Energy (2024) [https://www.energyinst.org/statistical-review/]
nuclear_consumption,31.973225747295064,"Primary energy consumption from nuclear power - Measured in terawatt-hours, using the substitution method.",terawatt-hours,Energy Institute - Statistical Review of World Energy (2024) [https://www.energyinst.org/statistical-review/]
nuclear_cons_change_twh,31.33596185585916,Annual change in nuclear power consumption - Input-equivalent energy is based on gross generation and does not account for cross-border electricity supply.,terawatt-hours,Energy Institute - Statistical Review of World Energy (2024) [https://www.energyinst.org/statistical-review/]
fossil_electricity,30.845406198422886,Electricity generation from fossil fuels - Measured in terawatt-hours.,terawatt-hours,Ember - Yearly Electricity Data (2024) [https://ember-climate.org/data-catalogue/yearly-electricity-data/]; Energy Institute - Statistical Review of World Energy (2024) [https://www.energyinst.org/statistical-review/]
coal_electricity,30.758298184485604,Electricity generation from coal - Measured in terawatt-hours.,terawatt-hours,Ember - Yearly Electricity Data (2024) [https://ember-climate.org/data-catalogue/yearly-electricity-data/]; Energy Institute - Statistical Review of World Energy (2024) [https://www.energyinst.org/statistical-review/]
fossil_share_elec,30.717036493673206,Share of electricity generated by fossil fuels - Measured as a percentage of total electricity.,%,Ember - Yearly Electricity Data (2024) [https://ember-climate.org/data-catalogue/yearly-electricity-data/]; Energy Institute - Statistical Review of World Energy (2024) [https://www.energyinst.org/statistical-review/]
coal_share_elec,30.65285164129837,Share of electricity generated by coal - Measured as a percentage of total electricity.,%,Ember - Yearly Electricity Data (2024) [https://ember-climate.org/data-catalogue/yearly-electricity-data/]; Energy Institute - Statistical Review of World Energy (2024) [https://www.energyinst.org/statistical-review/]
oil_electricity,30.478635613423805,Electricity generation from oil - Measured in terawatt-hours.,terawatt-hours,Ember - Yearly Electricity Data (2024) [https://ember-climate.org/data-catalogue/yearly-electricity-data/]; Energy Institute - Statistical Review of World Energy (2024) [https://www.energyinst.org/statistical-review/]
per_capita_electricity,30.441958554923893,Total electricity generation per person - Measured in kilowatt-hours per person.,kilowatt-hours,Ember - Yearly Electricity Data (2024) [https://ember-climate.org/data-catalogue/yearly-electricity-data/]; Energy Institute - Statistical Review of World Energy (2024) [https://www.energyinst.org/statistical-review/]; Population based on various sources (2023) [https://ourworldindata.org/population-sources]
oil_share_elec,30.373189070236567,Share of electricity generated by oil - Measured as a percentage of total electricity.,%,Ember - Yearly Electricity Data (2024) [https://ember-climate.org/data-catalogue/yearly-electricity-data/]; Energy Institute - Statistical Review of World Energy (2024) [https://www.energyinst.org/statistical-review/]
gas_electricity,30.318173482486703,Electricity generation from gas - Measured in terawatt-hours.,terawatt-hours,Ember - Yearly Electricity Data (2024) [https://ember-climate.org/data-catalogue/yearly-electricity-data/]; Energy Institute - Statistical Review of World Energy (2024) [https://www.energyinst.org/statistical-review/]
gas_share_elec,30.21272693929947,Share of electricity generated by gas - Measured as a percentage of total electricity.,%,Ember - Yearly Electricity Data (2024) [https://ember-climate.org/data-catalogue/yearly-electricity-data/]; Energy Institute - Statistical Review of World Energy (2024) [https://www.energyinst.org/statistical-review/]
nuclear_energy_per_capita,28.942783788740144,Nuclear power consumption per capita - Measured in kilowatt-hours per person.,kilowatt-hours,Energy Institute - Statistical Review of World Energy (2024) [https://www.energyinst.org/statistical-review/]; Population based on various sources (2023) [https://ourworldindata.org/population-sources]
fossil_elec_per_capita,28.025857326242438,Electricity generation from fossil fuels per person - Measured in kilowatt-hours per person.,kilowatt-hours,Ember - Yearly Electricity Data (2024) [https://ember-climate.org/data-catalogue/yearly-electricity-data/]; Energy Institute - Statistical Review of World Energy (2024) [https://www.energyinst.org/statistical-review/]; Population based on various sources (2023) [https://ourworldindata.org/population-sources]
coal_elec_per_capita,27.938749312305156,Electricity generation from coal per person - Measured in kilowatt-hours per person.,kilowatt-hours,Ember - Yearly Electricity Data (2024) [https://ember-climate.org/data-catalogue/yearly-electricity-data/]; Energy Institute - Statistical Review of World Energy (2024) [https://www.energyinst.org/statistical-review/]; Population based on various sources (2023) [https://ourworldindata.org/population-sources]
oil_elec_per_capita,27.659086741243357,Electricity generation from oil per person - Measured in kilowatt-hours per person.,kilowatt-hours,Ember - Yearly Electricity Data (2024) [https://ember-climate.org/data-catalogue/yearly-electricity-data/]; Energy Institute - Statistical Review of World Energy (2024) [https://www.energyinst.org/statistical-review/]; Population based on various sources (2023) [https://ourworldindata.org/population-sources]
gas_elec_per_capita,27.498624610306255,Electricity generation from gas per person - Measured in kilowatt-hours per person.,kilowatt-hours,Ember - Yearly Electricity Data (2024) [https://ember-climate.org/data-catalogue/yearly-electricity-data/]; Energy Institute - Statistical Review of World Energy (2024) [https://www.energyinst.org/statistical-review/]; Population based on various sources (2023) [https://ourworldindata.org/population-sources]
electricity_demand,26.879699248120303,Electricity demand - Measured in terawatt-hours.,terawatt-hours,Ember - Yearly Electricity Data (2024) [https://ember-climate.org/data-catalogue/yearly-electricity-data/]
greenhouse_gas_emissions,26.879699248120303,Emissions from electricity generation - Measured in megatonnes of CO₂ equivalents.,million tonnes CO₂ equivalents,Ember - Yearly Electricity Data (2024) [https://ember-climate.org/data-catalogue/yearly-electricity-data/]
carbon_intensity_elec,26.751329543370623,"Carbon intensity of electricity generation - Greenhouse gases emitted per unit of generated electricity, measured in grams of CO₂ equivalents per kilowatt-hour.",grams of CO₂ equivalents per kilowatt-hour,Ember - Yearly Electricity Data (2024) [https://ember-climate.org/data-catalogue/yearly-electricity-data/]; Energy Institute - Statistical Review of World Energy (2024) [https://www.energyinst.org/statistical-review/]
biofuel_electricity,26.746744911058133,Electricity generation from bioenergy - Measured in terawatt-hours.,terawatt-hours,Ember - Yearly Electricity Data (2024) [https://ember-climate.org/data-catalogue/yearly-electricity-data/]
oil_consumption,26.65505226480836,Primary energy consumption from oil - Measured in terawatt-hours.,terawatt-hours,Energy Institute - Statistical Review of World Energy (2024) [https://www.energyinst.org/statistical-review/]
biofuel_share_elec,26.641298367870895,Share of electricity generated by bioenergy - Measured as a percentage of total electricity.,%,Ember - Yearly Electricity Data (2024) [https://ember-climate.org/data-catalogue/yearly-electricity-data/]; Energy Institute - Statistical Review of World Energy (2024) [https://www.energyinst.org/statistical-review/]
oil_cons_change_pct,26.178250504309553,Annual percentage change in oil consumption,%,Energy Institute - Statistical Review of World Energy (2024) [https://www.energyinst.org/statistical-review/]
oil_cons_change_twh,26.178250504309553,Annual change in oil consumption,terawatt-hours,Energy Institute - Statistical Review of World Energy (2024) [https://www.energyinst.org/statistical-review/]
electricity_demand_per_capita,25.669356317623325,Total electricity demand per person - Measured in kilowatt-hours per person.,kilowatt-hours,Ember - Yearly Electricity Data (2024) [https://ember-climate.org/data-catalogue/yearly-electricity-data/]; Population based on various sources (2023) [https://ourworldindata.org/population-sources]
renewables_consumption,25.5593251421236,"Primary energy consumption from renewables - Measured in terawatt-hours, using the substitution method.",terawatt-hours,Energy Institute - Statistical Review of World Energy (2024) [https://www.energyinst.org/statistical-review/]
net_elec_imports,25.5593251421236,"Net electricity imports - Electricity imports minus exports, measured in TWh.",terawatt-hours,Ember - Yearly Electricity Data (2024) [https://ember-climate.org/data-catalogue/yearly-electricity-data/]
low_carbon_consumption,25.5593251421236,"Primary energy consumption from low-carbon sources - Measured in terawatt-hours, using the substitution method.",terawatt-hours,Energy Institute - Statistical Review of World Energy (2024) [https://www.energyinst.org/statistical-review/]
hydro_consumption,25.5593251421236,"Primary energy consumption from hydropower - Measured in terawatt-hours, using the substitution method.",terawatt-hours,Energy Institute - Statistical Review of World Energy (2024) [https://www.energyinst.org/statistical-review/]
biofuel_elec_per_capita,25.53640198056116,Electricity generation from bioenergy per person - Measured in kilowatt-hours per person.,kilowatt-hours,Ember - Yearly Electricity Data (2024) [https://ember-climate.org/data-catalogue/yearly-electricity-data/]; Population based on various sources (2023) [https://ourworldindata.org/population-sources]
net_elec_imports_share_demand,25.43095543737392,"Net electricity imports as a share of demand - Electricity imports minus exports, measured as a percentage of total electricity demand.",%,Ember - Yearly Electricity Data (2024) [https://ember-climate.org/data-catalogue/yearly-electricity-data/]
coal_consumption,25.302585732624244,Primary energy consumption from coal - Measured in terawatt-hours.,terawatt-hours,Energy Institute - Statistical Review of World Energy (2024) [https://www.energyinst.org/statistical-review/]
low_carbon_cons_change_twh,25.077938749312306,Annual change in low-carbon energy consumption - Input-equivalent energy is based on gross generation and does not account for cross-border electricity supply.,terawatt-hours,Energy Institute - Statistical Review of World Energy (2024) [https://www.energyinst.org/statistical-review/]
renewables_cons_change_twh,25.077938749312306,Annual change in renewables consumption,terawatt-hours,Energy Institute - Statistical Review of World Energy (2024) [https://www.energyinst.org/statistical-review/]
hydro_cons_change_twh,25.077938749312306,Annual change in hydropower consumption - Input-equivalent energy is based on gross generation and does not account for cross-border electricity supply.,terawatt-hours,Energy Institute - Statistical Review of World Energy (2024) [https://www.energyinst.org/statistical-review/]
coal_cons_change_twh,24.821199339812946,Annual change in coal consumption,terawatt-hours,Energy Institute - Statistical Review of World Energy (2024) [https://www.energyinst.org/statistical-review/]
gas_consumption,24.358151476251606,Primary energy consumption from gas - Measured in terawatt-hours.,terawatt-hours,Energy Institute - Statistical Review of World Energy (2024) [https://www.energyinst.org/statistical-review/]
coal_cons_change_pct,24.280212726939297,Annual percentage change in coal consumption,%,Energy Institute - Statistical Review of World Energy (2024) [https://www.energyinst.org/statistical-review/]
other_renewable_exc_biofuel_electricity,24.161012286814596,"Electricity generation from other renewables, excluding bioenergy - Measured in terawatt-hours.",terawatt-hours,Ember - Yearly Electricity Data (2024) [https://ember-climate.org/data-catalogue/yearly-electricity-data/]
other_renewables_share_elec_exc_biofuel,24.055565743627362,"Share of electricity generated by other renewables, excluding bioenergy - Measured as a percentage of total electricity.",%,Ember - Yearly Electricity Data (2024) [https://ember-climate.org/data-catalogue/yearly-electricity-data/]; Energy Institute - Statistical Review of World Energy (2024) [https://www.energyinst.org/statistical-review/]
gas_cons_change_twh,23.881349715752798,Annual change in gas consumption,terawatt-hours,Energy Institute - Statistical Review of World Energy (2024) [https://www.energyinst.org/statistical-review/]
low_carbon_cons_change_pct,23.849257289565376,Annual percentage change in low-carbon energy consumption - Figures are based on gross generation and do not account for cross-border electricity supply.,%,Energy Institute - Statistical Review of World Energy (2024) [https://www.energyinst.org/statistical-review/]
renewables_cons_change_pct,23.817164863377958,Annual percentage change in renewables consumption,%,Energy Institute - Statistical Review of World Energy (2024) [https://www.energyinst.org/statistical-review/]
gas_cons_change_pct,23.601687144691,Annual percentage change in gas consumption,%,Energy Institute - Statistical Review of World Energy (2024) [https://www.energyinst.org/statistical-review/]
hydro_cons_change_pct,23.565010086191087,Annual percentage change in hydropower consumption - Figures are based on gross primary hydroelectric generation and do not account for cross-border electricity supply.,%,Energy Institute - Statistical Review of World Energy (2024) [https://www.energyinst.org/statistical-review/]
other_renewable_consumption,23.28534751512929,"Primary energy consumption from other renewables - Measured in terawatt-hours, using the substitution method.",terawatt-hours,Energy Institute - Statistical Review of World Energy (2024) [https://www.energyinst.org/statistical-review/]
fossil_fuel_consumption,23.189070236567026,Primary energy consumption from fossil fuels - Measured in terawatt-hours.,terawatt-hours,Energy Institute - Statistical Review of World Energy (2024) [https://www.energyinst.org/statistical-review/]
oil_energy_per_capita,23.138639281129652,Oil consumption per capita - Measured in kilowatt-hours per person.,kilowatt-hours,Energy Institute - Statistical Review of World Energy (2024) [https://www.energyinst.org/statistical-review/]; Population based on various sources (2023) [https://ourworldindata.org/population-sources]
other_renewables_elec_per_capita_exc_biofuel,22.950669356317626,"Electricity generation from other renewables, excluding bioenergy, per person - Measured in kilowatt-hours per person.",kilowatt-hours,Ember - Yearly Electricity Data (2024) [https://ember-climate.org/data-catalogue/yearly-electricity-data/]; Population based on various sources (2023) [https://ourworldindata.org/population-sources]
other_renewables_cons_change_twh,22.80396112231799,"Annual change in other renewables consumption - Input-equivalent energy, in terawatt-hours, is based on gross generation and does not account for cross-border electricity supply.",terawatt-hours,Energy Institute - Statistical Review of World Energy (2024) [https://www.energyinst.org/statistical-review/]
fossil_cons_change_twh,22.70768384375573,Annual change in fossil fuel consumption,terawatt-hours,Energy Institute - Statistical Review of World Energy (2024) [https://www.energyinst.org/statistical-review/]
fossil_cons_change_pct,22.70768384375573,Annual percentage change in fossil fuel consumption,%,Energy Institute - Statistical Review of World Energy (2024) [https://www.energyinst.org/statistical-review/]
renewables_share_energy,22.36842105263158,"Share of primary energy consumption that comes from renewables - Measured as a percentage of the total primary energy, using the substitution method.",%,Energy Institute - Statistical Review of World Energy (2024) [https://www.energyinst.org/statistical-review/]
coal_share_energy,22.36842105263158,"Share of primary energy consumption that comes from coal - Measured as a percentage of the total primary energy, using the substitution method.",%,Energy Institute - Statistical Review of World Energy (2024) [https://www.energyinst.org/statistical-review/]
low_carbon_share_energy,22.36842105263158,"Share of primary energy consumption that comes from low-carbon sources - Measured as a percentage of the total primary energy, using the substitution method.",%,Energy Institute - Statistical Review of World Energy (2024) [https://www.energyinst.org/statistical-review/]
hydro_share_energy,22.36842105263158,"Share of primary energy consumption that comes from hydropower - Measured as a percentage of the total primary energy, using the substitution method.",%,Energy Institute - Statistical Review of World Energy (2024) [https://www.energyinst.org/statistical-review/]
gas_share_energy,22.36842105263158,"Share of primary energy consumption that comes from gas - Measured as a percentage of the total primary energy, using the substitution method.",%,Energy Institute - Statistical Review of World Energy (2024) [https://www.energyinst.org/statistical-review/]
fossil_share_energy,22.36842105263158,"Share of primary energy consumption that comes from fossil fuels - Measured as a percentage of the total primary energy, using the substitution method.",%,Energy Institute - Statistical Review of World Energy (2024) [https://www.energyinst.org/statistical-review/]
oil_share_energy,22.36842105263158,"Share of primary energy consumption that comes from oil - Measured as a percentage of the total primary energy, using the substitution method.",%,Energy Institute - Statistical Review of World Energy (2024) [https://www.energyinst.org/statistical-review/]
wind_consumption,22.21254355400697,"Primary energy consumption from wind power - Measured in terawatt-hours, using the substitution method.",terawatt-hours,Energy Institute - Statistical Review of World Energy (2024) [https://www.energyinst.org/statistical-review/]
hydro_energy_per_capita,22.042912158444892,Hydropower consumption per capita - Measured in kilowatt-hours per person.,kilowatt-hours,Energy Institute - Statistical Review of World Energy (2024) [https://www.energyinst.org/statistical-review/]; Population based on various sources (2023) [https://ourworldindata.org/population-sources]
renewables_energy_per_capita,22.042912158444892,Renewables consumption per capita - Measured in kilowatt-hours per person.,kilowatt-hours,Energy Institute - Statistical Review of World Energy (2024) [https://www.energyinst.org/statistical-review/]; Population based on various sources (2023) [https://ourworldindata.org/population-sources]
low_carbon_energy_per_capita,22.042912158444892,Low-carbon energy consumption per capita - Measured in kilowatt-hours per person.,kilowatt-hours,Energy Institute - Statistical Review of World Energy (2024) [https://www.energyinst.org/statistical-review/]; Population based on various sources (2023) [https://ourworldindata.org/population-sources]
solar_consumption,21.932880982945168,"Primary energy consumption from solar power - Measured in terawatt-hours, using the substitution method.",terawatt-hours,Energy Institute - Statistical Review of World Energy (2024) [https://www.energyinst.org/statistical-review/]
coal_cons_per_capita,21.786172748945535,Coal consumption per capita - Measured in kilowatt-hours per person.,kilowatt-hours,Energy Institute - Statistical Review of World Energy (2024) [https://www.energyinst.org/statistical-review/]; Population based on various sources (2023) [https://ourworldindata.org/population-sources]
nuclear_share_energy,21.735741793508158,"Share of primary energy consumption that comes from nuclear power - Measured as a percentage of the total primary energy, using the substitution method.",%,Energy Institute - Statistical Review of World Energy (2024) [https://www.energyinst.org/statistical-review/]
wind_cons_change_twh,21.73115716119567,"Annual change in wind power consumption - Input-equivalent energy, in terawatt-hours, is based on gross generation and does not account for cross-border electricity supply.",terawatt-hours,Energy Institute - Statistical Review of World Energy (2024) [https://www.energyinst.org/statistical-review/]
solar_cons_change_twh,21.446909957821383,"Annual change in solar power consumption - Input-equivalent energy, in terawatt-hours, is based on gross generation and does not account for cross-border electricity supply.",terawatt-hours,Energy Institute - Statistical Review of World Energy (2024) [https://www.energyinst.org/statistical-review/]
gas_energy_per_capita,20.873830918760316,Gas consumption per capita - Measured in kilowatt-hours per person.,kilowatt-hours,Energy Institute - Statistical Review of World Energy (2024) [https://www.energyinst.org/statistical-review/]; Population based on various sources (2023) [https://ourworldindata.org/population-sources]
other_renewables_share_energy,20.17238217494957,"Share of primary energy consumption that comes from other renewables - Measured as a percentage of the total primary energy, using the substitution method.",%,Energy Institute - Statistical Review of World Energy (2024) [https://www.energyinst.org/statistical-review/]
other_renewables_energy_per_capita,20.085274161012286,Other renewables consumption per capita - Measured in kilowatt-hours per person.,kilowatt-hours,Energy Institute - Statistical Review of World Energy (2024) [https://www.energyinst.org/statistical-review/]; Population based on various sources (2023) [https://ourworldindata.org/population-sources]
fossil_energy_per_capita,19.70474967907574,Fossil fuel consumption per capita - Measured in kilowatt-hours per person.,kilowatt-hours,Energy Institute - Statistical Review of World Energy (2024) [https://www.energyinst.org/statistical-review/]; Population based on various sources (2023) [https://ourworldindata.org/population-sources]
wind_share_energy,19.22336328626444,"Share of primary energy consumption that comes from wind power - Measured as a percentage of the total primary energy, using the substitution method.",%,Energy Institute - Statistical Review of World Energy (2024) [https://www.energyinst.org/statistical-review/]
wind_energy_per_capita,19.0399779937649,Wind power consumption per capita - Measured in kilowatt-hours per person.,kilowatt-hours,Energy Institute - Statistical Review of World Energy (2024) [https://www.energyinst.org/statistical-review/]; Population based on various sources (2023) [https://ourworldindata.org/population-sources]
solar_share_energy,18.920777553640196,"Share of primary energy consumption that comes from solar power - Measured as a percentage of the total primary energy, using the substitution method.",%,Energy Institute - Statistical Review of World Energy (2024) [https://www.energyinst.org/statistical-review/]
solar_energy_per_capita,18.78782321657803,Solar power consumption per capita - Measured in kilowatt-hours per person.,kilowatt-hours,Energy Institute - Statistical Review of World Energy (2024) [https://www.energyinst.org/statistical-review/]; Population based on various sources (2023) [https://ourworldindata.org/population-sources]
electricity_share_energy,18.155143957454612,"Total electricity generation as share of primary energy - Measured as a percentage of total, direct primary energy consumption.",%,Ember - Yearly Electricity Data (2024) [https://ember-climate.org/data-catalogue/yearly-electricity-data/]; Energy Institute - Statistical Review of World Energy (2024) [https://www.energyinst.org/statistical-review/]
other_renewables_cons_change_pct,16.692646249770767,Annual percentage change in other renewables consumption - Figures are based on gross generation and do not account for cross-border electricity supply.,%,Energy Institute - Statistical Review of World Energy (2024) [https://www.energyinst.org/statistical-review/]
biofuel_consumption,13.185402530717036,Primary energy consumption from biofuels - Measured in terawatt-hours.,terawatt-hours,Energy Institute - Statistical Review of World Energy (2024) [https://www.energyinst.org/statistical-review/]
biofuel_cons_change_twh,12.818631945717954,Annual change in biofuel consumption - Includes biogasoline (such as ethanol) and biodiesel. Volumes have been adjusted for energy content.,terawatt-hours,Energy Institute - Statistical Review of World Energy (2024) [https://www.energyinst.org/statistical-review/]
biofuel_share_energy,12.73610856409316,"Share of primary energy consumption that comes from biofuels - Measured as a percentage of the total primary energy, using the substitution method.",%,Energy Institute - Statistical Review of World Energy (2024) [https://www.energyinst.org/statistical-review/]
wind_cons_change_pct,11.498257839721255,Annual percentage change in wind power consumption - Figures are based on gross generation and do not account for cross-border electricity supply.,%,Energy Institute - Statistical Review of World Energy (2024) [https://www.energyinst.org/statistical-review/]
nuclear_cons_change_pct,11.379057399596553,Annual percentage change in nuclear power consumption - Figures are based on gross generation and do not account for cross-border electricity supply.,%,Energy Institute - Statistical Review of World Energy (2024) [https://www.energyinst.org/statistical-review/]
biofuel_cons_per_capita,11.003117549972492,Biofuel consumption per capita - Measured in kilowatt-hours per person.,kilowatt-hours,Energy Institute - Statistical Review of World Energy (2024) [https://www.energyinst.org/statistical-review/]; Population based on various sources (2023) [https://ourworldindata.org/population-sources]
solar_cons_change_pct,10.22831468916193,Annual percentage change in solar power consumption - Figures are based on gross generation and do not account for cross-border electricity supply.,%,Energy Institute - Statistical Review of World Energy (2024) [https://www.energyinst.org/statistical-review/]
biofuel_cons_change_pct,8.2798459563543,Annual percentage change in biofuel consumption - Includes biogasoline (such as ethanol) and biodiesel. Volumes have been adjusted for energy content.,%,Energy Institute - Statistical Review of World Energy (2024) [https://www.energyinst.org/statistical-review/]
